ID,MAKE,MODEL,COLOR,YEAR,PRICE
1,Ford,F250,Yank,1998,7203
2,Nissan,350Z,Ella,2007,5163
3,Toyota,Camry,Edouard,1994,6541
4,BMW,530,Aarika,2003,234
5,Ford,Escape,Alfonse,2011,2913
6,Acura,RL,Loella,2012,8423
7,Pontiac,Grand Prix,Rosanna,1963,1693
8,Suzuki,X-90,Gannie,1998,8938
9,Plymouth,Grand Voyager,Ashlan,1992,7137
10,Jaguar,XJ Series,Benedicto,1995,8711
11,Pontiac,Bonneville,Chryste,1998,4926
12,Dodge,Ram 1500,Bank,1994,8328
13,Ford,E250,Rasla,2004,6277
14,Chevrolet,Suburban 1500,Xylia,2008,9607
15,Ford,F350,Roscoe,2003,4861
16,Ford,Ranger,Jeanette,1986,6234
17,BMW,X5 M,Ninnetta,2012,6458
18,Ford,Fiesta,Cecilio,2012,5022
19,Chevrolet,Silverado 3500,Ginnie,2002,5081
20,Nissan,370Z,Audi,2010,3987
21,Bentley,Continental,Harmonie,2007,728
22,Ford,Explorer,Wake,2008,8567
23,GMC,Safari,Rozanna,1999,8870
24,Dodge,Ram 2500,Chiquita,1997,9332
25,Alfa Romeo,164,Derick,1993,6983
26,Dodge,Intrepid,Ruttger,2000,9502
27,Aston Martin,V12 Vantage,Anya,2011,787
28,Audi,V8,Emmi,1992,2727
29,Ford,F-Series,Rhys,2010,7184
30,Honda,Insight,Gabie,2003,7544
31,Kia,Sedona,Elyn,2010,4952
32,Hyundai,Sonata,Jodee,2012,2302
33,Oldsmobile,Cutlass Cruiser,Julissa,1993,9701
34,Ford,Laser,Adelbert,1986,4301
35,Pontiac,Firefly,Avrom,1995,3020
36,Audi,100,Jason,1993,5264
37,GMC,Sonoma,Charlene,1996,8704
38,Toyota,T100 Xtra,Lisbeth,1995,5691
39,Volvo,940,Selby,1995,1233
40,Mitsubishi,Endeavor,Emlynn,2010,1195
41,Chrysler,LHS,Emily,2001,5370
42,Hyundai,Sonata,Corabella,2010,6750
43,Mercedes-Benz,E-Class,Kiah,2001,9897
44,Volkswagen,Jetta,Lowrance,1987,9297
45,Lexus,LS,Latashia,1991,8965
46,Mercedes-Benz,E-Class,Ashley,2002,6441
47,Volkswagen,Jetta,Britt,1997,5139
48,Chevrolet,Caprice,Janey,1983,4165
49,Suzuki,Grand Vitara,Vidovic,2008,2717
50,Jaguar,XK Series,Prudence,2004,7006
51,Chevrolet,Express,Willetta,2008,4964
52,Nissan,Sentra,Helyn,1992,849
53,Oldsmobile,Aurora,Dane,1995,4584
54,Chevrolet,Cavalier,Steffen,2002,1034
55,Mitsubishi,Challenger,Warren,2004,2075
56,Mercedes-Benz,SLS-Class,Morgana,2012,6629
57,Cadillac,SRX,Bert,2005,2685
58,Pontiac,Bonneville,Tonia,1985,439
59,Dodge,Ram Van 1500,Gaultiero,2002,1242
60,Ford,E-350 Super Duty Van,Cherise,2006,7815
61,Dodge,Shadow,Bartram,1992,8289
62,Maserati,Karif,Bradan,1989,8949
63,Lexus,RX,Josie,2001,8886
64,Dodge,Intrepid,Madlen,2003,1961
65,Isuzu,i-290,Orrin,2008,5028
66,Acura,CL,Oswell,1999,6471
67,Chevrolet,Suburban 2500,Sherman,1994,3198
68,Chrysler,Cirrus,Melita,2000,1722
69,BMW,745,Bertram,2005,7374
70,GMC,Vandura G3500,Hyman,1995,2255
71,Mercedes-Benz,SL-Class,Ginelle,2006,4383
72,Bentley,Continental,Dredi,2011,4889
73,Audi,TT,Bliss,2009,5023
74,Nissan,Sentra,Rockie,1997,9480
75,Ford,Econoline E150,Kamillah,2000,4912
76,Volvo,XC60,Gianna,2011,497
77,Mazda,B-Series Plus,Josi,2004,7207
78,Infiniti,J,Ester,1997,9793
79,Mercedes-Benz,W201,Gretal,1993,3863
80,GMC,Sierra 2500,Rutter,2003,5243
81,Pontiac,LeMans,Moreen,1990,5711
82,Maserati,Karif,Sergio,1989,5926
83,Pontiac,GTO,Analiese,1967,3302
84,Oldsmobile,Bravada,Teodoor,1998,856
85,Chrysler,300M,Kerry,1999,5345
86,Mercury,Sable,Netti,1994,7142
87,Toyota,Corolla,Gerda,1995,4199
88,Mercedes-Benz,G-Class,Sherman,2010,860
89,Dodge,Dakota,Eydie,2000,1995
90,Mitsubishi,Challenger,Micky,2001,8272
91,Chevrolet,Prizm,Nana,2000,4791
92,Chevrolet,Blazer,Erinna,2001,1730
93,Lincoln,Town Car,Kane,1999,3381
94,Buick,Regal,Sharl,1987,7694
95,Volkswagen,GTI,Min,1987,238
96,Toyota,Camry,Lou,1998,191
97,GMC,Sierra 3500,Berthe,2003,2544
98,Volkswagen,rio,Kevan,1997,2346
99,Scion,xA,Keir,2005,2372
100,Infiniti,M,Mark,2006,1141
101,Chevrolet,Monte Carlo,Gabriella,1997,3968
102,Scion,xD,Padget,2008,8466
103,Volvo,S60,Romy,2003,5527
104,Dodge,Ram Van 3500,Karisa,2002,1959
105,Buick,LeSabre,Bernete,1997,687
106,Dodge,Viper,Lara,2009,9920
107,Nissan,Altima,Vic,2012,1339
108,Ford,F-Series,Dacey,1994,3441
109,Chevrolet,Venture,Cordi,1997,1400
110,Hyundai,Tiburon,Adda,2000,7360
111,Volkswagen,Golf,Bernardina,1995,8647
112,Mercury,Cougar,Gabie,1992,9065
113,Mitsubishi,Endeavor,Maurizio,2011,8610
114,Subaru,Legacy,Franciska,1990,7807
115,Chevrolet,Monte Carlo,Edwina,2007,9098
116,Lotus,Esprit,Brittney,1989,3765
117,Lincoln,Mark LT,Stu,2006,9914
118,MINI,Clubman,Onofredo,2008,8392
119,Chevrolet,1500,Esmeralda,1996,7334
120,Buick,Rendezvous,Angele,2005,1272
121,Oldsmobile,LSS,Iosep,1999,1162
122,Volvo,C30,Hayden,2013,9414
123,Dodge,Dakota,Cher,2011,1585
124,Saab,Dakota,Averyl,2007,5873
125,GMC,Yukon,Eward,2000,788
126,Toyota,RAV4,Waly,1998,6816
127,Chevrolet,Camaro,Fonsie,1995,8484
128,Ford,Econoline E250,Gwyneth,2000,5585
129,Cadillac,STS,Ladonna,2006,1308
130,Mazda,Tribute,Charity,2008,9053
131,Lincoln,Continental,Kimmie,1987,4581
132,Nissan,Pathfinder,Krissy,1992,8995
133,BMW,Z4,Merline,2005,1115
134,Ford,Taurus,Tremayne,2005,6094
135,Mercedes-Benz,E-Class,Tobias,2006,2551
136,Pontiac,Grand Prix,Neal,1985,9231
137,Eagle,Summit,Darbie,1993,7489
138,Mazda,Tribute,Edmund,2001,7502
139,Chevrolet,Cavalier,Lena,2004,7214
140,Pontiac,Trans Sport,Annalee,1990,1867
141,Buick,Riviera,Gustav,1996,6294
142,Mercedes-Benz,SLK-Class,Stormy,2010,7831
143,Citroën,SM,Dicky,1972,6840
144,Lexus,RX,Laurene,2009,6378
145,Land Rover,Range Rover Classic,Bay,1993,3761
146,Ford,Tempo,Pincas,1985,8050
147,Acura,RDX,Arte,2009,9424
148,Volvo,XC70,Giffer,2012,7721
149,Chevrolet,Aveo,Jessalin,2004,9142
150,Hyundai,Azera,Peter,2010,7002
151,Dodge,Viper,Sydel,2009,7110
152,Cadillac,Fleetwood,Tedd,1993,3350
153,Ford,Expedition,Tris,2000,6146
154,Acura,Integra,Merle,2001,3291
155,Toyota,Venza,Dorella,2013,2458
156,Ford,F-Series,Bette,2007,7334
157,Ford,Expedition,Lyndy,2012,5669
158,Pontiac,Sunfire,Klarika,1996,7151
159,Ford,Thunderbird,Hayward,1983,4725
160,Honda,Accord,Ursola,1995,6774
161,Mercedes-Benz,SLK-Class,Rock,2006,2724
162,Infiniti,G,Domenic,1992,8037
163,Volkswagen,GTI,Stephanus,1987,7820
164,Chevrolet,Express 2500,Dominique,2003,8578
165,GMC,Savana 2500,Marin,2011,3182
166,Jaguar,XJ Series,Twila,2002,4157
167,Toyota,Prius,Dominick,2009,1960
168,Chevrolet,Silverado 1500,Candi,2001,7520
169,Porsche,Cayman,Emlen,2011,2489
170,GMC,Savana 2500,Anette,1997,3270
171,Ford,Fusion,Amabel,2007,5941
172,Chrysler,200,Roseanne,2012,5038
173,Mercedes-Benz,300SL,Mill,1993,3593
174,Plymouth,Grand Voyager,Matt,1994,5420
175,Ford,Mustang,Reynard,1983,3455
176,Cadillac,Catera,Garrick,1997,3092
177,Pontiac,Bonneville,Si,1968,3344
178,Toyota,Xtra,Corine,1995,4717
179,Mazda,Tribute,Tamar,2011,4016
180,Saab,9-7X,Alberto,2005,3732
181,BMW,545,Reinaldos,2005,134
182,Chevrolet,Astro,Lisha,1997,546
183,Chevrolet,Camaro,Georgeanne,1974,4346
184,Audi,A3,Sigrid,2010,9249
185,Mitsubishi,GTO,Cozmo,1999,2827
186,Mitsubishi,Galant,Falito,2004,5471
187,Lexus,HS,Rosanne,2012,2376
188,Toyota,Tundra,Clevey,2009,2298
189,Honda,Accord,Dulsea,2008,5084
190,Pontiac,Bonneville,Aviva,1967,2946
191,Mazda,B-Series,Reggis,1996,4534
192,Pontiac,Grand Prix,Mitchell,1987,103
193,Dodge,Ram Wagon B150,Maynard,1993,3167
194,Volkswagen,CC,Winne,2011,5294
195,Saab,9-2X,Alika,2006,9683
196,Toyota,Prius,Marna,2011,7112
197,Kia,Amanti,Maximo,2008,2481
198,Porsche,911,Jorry,2004,8107
199,Porsche,944,Parker,1987,995
200,GMC,Savana 2500,Helaina,2008,1672
201,Pontiac,GTO,Jami,2004,472
202,Mercedes-Benz,S-Class,Christophe,1993,1739
203,Pontiac,Grand Prix,Lawrence,1962,8609
204,Buick,Century,Lacee,1985,3767
205,Suzuki,SX4,Crista,2011,8718
206,Cadillac,SRX,Ham,2007,4579
207,Ford,Expedition,Gwendolin,2004,7891
208,Nissan,Maxima,Daniel,2003,3679
209,GMC,Jimmy,Lucina,1992,9162
210,Chevrolet,Corvette,Louisa,2002,9100
211,Chrysler,Crossfire Roadster,Andrus,2006,1440
212,Mitsubishi,Chariot,Sharyl,1987,1863
213,Bentley,Continental,Easter,2008,3605
214,Ford,Ranger,Lazarus,1987,1026
215,Jeep,Comanche,Frederico,1992,7482
216,Mazda,Tribute,Page,2005,7384
217,Ram,3500,Dunc,2012,5264
218,Buick,LaCrosse,Vitia,2010,2449
219,Chevrolet,Silverado 2500,Zorine,2009,6923
220,Infiniti,G25,Avrom,2012,2578
221,Mercury,Montego,Mada,2007,2190
222,Ford,F450,Adrien,2010,7542
223,Infiniti,G,Sebastian,2000,7002
224,Jeep,Wrangler,Vlad,2007,659
225,Ford,Explorer Sport Trac,Morey,2006,6373
226,Infiniti,M,Jude,2009,4440
227,Pontiac,GTO,Genia,2004,8097
228,Cadillac,Escalade,Helenka,2003,7692
229,Buick,Century,Shirlene,1989,1207
230,Plymouth,Breeze,Flor,1999,8802
231,Chevrolet,Corvette,Jonell,1984,5955
232,Mercedes-Benz,E-Class,Lucien,1993,7396
233,Volkswagen,New Beetle,Patric,2004,1128
234,Honda,Passport,Berthe,1995,6999
235,Chevrolet,Corvette,Hakim,1993,2824
236,Audi,A4,Ashla,1999,1140
237,Toyota,Corolla,Flossy,2001,8811
238,Audi,A4,Elayne,2009,7091
239,Chrysler,Sebring,Philly,2007,3328
240,Mercedes-Benz,CLK-Class,Dorthy,2001,6001
241,Mitsubishi,Endeavor,Fields,2011,4274
242,Pontiac,Firebird,Milicent,1994,2289
243,Mercury,Capri,Edita,1991,4569
244,Subaru,Forester,Garvy,1999,6676
245,Ford,Windstar,Bealle,2004,1067
246,Hyundai,Entourage,Alis,2008,2963
247,Mitsubishi,Eclipse,Claybourne,2002,3622
248,Chevrolet,Lumina APV,Virgie,1992,1087
249,Isuzu,i-290,Meredithe,2008,8428
250,Lexus,ES,Trisha,2004,5550
251,Mitsubishi,Outlander Sport,Kerk,2012,929
252,Infiniti,G37,Linn,2009,301
253,Lincoln,Continental Mark VII,Drud,1986,4133
254,Toyota,Camry,Arnaldo,1997,6378
255,Lexus,IS,Iris,2009,7774
256,Toyota,4Runner,Judy,2004,6405
257,Volvo,V70,Gale,2001,9788
258,Porsche,Boxster,Jammal,2001,8008
259,Audi,Cabriolet,Nels,1995,8647
260,BMW,6 Series,Willetta,2005,1449
261,GMC,Envoy XUV,Kippie,2005,2703
262,Volkswagen,Golf,Luke,1992,8786
263,Suzuki,Grand Vitara,Paola,2000,2403
264,Chevrolet,Astro,Madeline,2003,5814
265,BMW,5 Series,Lisha,1992,9583
266,Chevrolet,SSR,Lazar,2005,4026
267,Kia,Sephia,Basilio,1996,4651
268,Bentley,Continental Flying Spur,Kippy,2007,1414
269,Chevrolet,Camaro,Rozalin,1992,4890
270,Buick,Rendezvous,Didi,2006,8292
271,Toyota,Tacoma,Madonna,2000,4297
272,Pontiac,Sunfire,Bette-ann,1999,9312
273,Saab,900,Sax,1991,7057
274,Eagle,Talon,Margeaux,1997,5490
275,Saab,Talon,Humbert,2006,2300
276,Chevrolet,Corvette,Abigale,2009,850
277,Citroën,CX,Sergio,1974,8485
278,BMW,6 Series,Vassily,2007,2384
279,GMC,Envoy,Massimiliano,2009,8998
280,Ford,Econoline E250,Daven,1995,836
281,Ford,Club Wagon,Rance,1995,5130
282,Pontiac,Firebird,Daffi,1988,9534
283,Oldsmobile,Silhouette,Rodger,1993,6042
284,Ford,Edge,Schuyler,2011,9118
285,Mitsubishi,Eclipse,Rosalia,1996,7100
286,Subaru,Impreza,Lucien,2005,3283
287,Lexus,LX,Renee,2008,2780
288,Audi,A6,Fernanda,2011,3021
289,Dodge,Ram 1500 Club,Rosette,1995,7879
290,Infiniti,G,Morie,2003,9077
291,Saab,9000,Tynan,1991,937
292,Hyundai,Elantra,Bary,2013,453
293,Volvo,850,Jania,1996,8834
294,Mitsubishi,Galant,Jordan,1994,4904
295,BMW,Z3,Gunter,2001,5472
296,Suzuki,Aerio,Gretta,2003,5429
297,Acura,Legend,Reynard,1994,1741
298,Chevrolet,HHR,Malia,2011,1176
299,Lotus,Elan,Salomon,1994,9180
300,Maybach,Landaulet,Freddi,2010,2387
301,Mitsubishi,Lancer,Ingaborg,2008,129
302,Aston Martin,DB9,Agneta,2010,7522
303,Audi,A4,Farrel,1999,4919
304,Chevrolet,Avalanche,Gwenneth,2010,3889
305,Dodge,Caravan,Darrel,1993,5308
306,Chrysler,Concorde,Charlot,2000,6941
307,Chevrolet,Corvette,Dell,2003,1286
308,Hillman,Minx Magnificent,Elsinore,1950,9702
309,Suzuki,SJ,Shanna,1989,2492
310,Porsche,911,Leonanie,1996,6949
311,Audi,5000CS Quattro,Cirillo,1986,1147
312,Cadillac,Catera,Gale,2000,1815
313,Saab,9-7X,Barth,2008,4473
314,Mercedes-Benz,CLK-Class,Doralia,2009,2910
315,Acura,SLX,Montague,1997,7387
316,Nissan,Xterra,Constantine,2012,1159
317,Dodge,Durango,Lonnard,2011,4599
318,Toyota,Yaris,Keelia,2008,7957
319,Mitsubishi,Galant,Sean,1987,1102
320,Nissan,Altima,Eulalie,2009,6387
321,Lamborghini,Diablo,Michail,1996,1290
322,Oldsmobile,Silhouette,Halley,2003,5776
323,Panoz,Esperante,Benedetta,2007,4788
324,Chevrolet,Avalanche,Mair,2008,3977
325,GMC,Safari,Anallese,1992,7838
326,Lincoln,MKS,Lavinia,2010,3739
327,Lexus,GS,Oralee,2010,864
328,Pontiac,6000,Rutter,1983,1933
329,Chevrolet,Silverado 1500,Martynne,2005,2401
330,Morgan,Aero 8,Bianka,2009,6420
331,Ford,Flex,Alisander,2011,7674
332,Suzuki,Reno,Weidar,2005,8626
333,Nissan,Pathfinder,Chip,2010,8953
334,Mercedes-Benz,E-Class,Lucretia,1997,7696
335,Mitsubishi,Pajero,Baily,1984,5845
336,Hyundai,Accent,Alexandre,2011,390
337,Cadillac,Catera,Henry,1999,5198
338,Buick,Skylark,Ailene,1991,8523
339,Dodge,Ram 1500 Club,Opaline,1999,8226
340,Subaru,Legacy,Hartley,2004,7648
341,Maserati,228,Eveleen,1990,9049
342,Volkswagen,Golf,Fredric,2004,4790
343,Mazda,Mazda3,Connie,2004,8721
344,Ford,Escape,Emery,2012,9715
345,Mazda,RX-8,Ulick,2010,1373
346,Lexus,CT,Neils,2011,7666
347,Nissan,Sentra,Morgen,2010,9963
348,Chevrolet,Malibu,Danie,1999,108
349,Land Rover,Defender,Evvy,1997,403
350,Mitsubishi,Lancer,Jacynth,2008,1786
351,Dodge,Caravan,Elvira,2003,5346
352,Mazda,MX-6,Lilias,1996,6128
353,GMC,Rally Wagon 3500,Miof mela,1992,1189
354,Buick,LaCrosse,Emile,2005,2145
355,Mitsubishi,Diamante,Stephine,2003,5107
356,MINI,Clubman,Millie,2011,5353
357,GMC,Canyon,Legra,2007,7195
358,Lexus,IS,Terrance,2002,7823
359,Hyundai,Santa Fe,Millicent,2009,3310
360,Nissan,Altima,Bel,2011,3834
361,Ford,Aerostar,Flo,1994,5559
362,Toyota,Echo,Janeczka,2001,3642
363,Ford,F250,Thorvald,2004,9653
364,Subaru,Justy,Nadiya,1988,8081
365,Ford,F250,Kippie,2009,5674
366,MINI,Clubman,Karine,2008,1781
367,Lincoln,MKT,Corrina,2011,6025
368,Kia,Spectra,Davine,2002,8306
369,GMC,Sierra 1500,Minta,1999,1837
370,Saab,Sierra 1500,Iolande,2000,2582
371,Toyota,Celica,Tiphanie,1999,4207
372,Saab,9-4X,Jud,2011,8014
373,Hyundai,Accent,Willie,1995,848
374,Chevrolet,Impala,Marissa,2008,2385
375,Saab,Sierra 1500,Mela,2005,9301
376,BMW,Z8,Laird,2002,7796
377,Chevrolet,Lumina,Korie,1998,2457
378,Subaru,Justy,Sholom,1992,9710
379,GMC,Envoy,Hector,2007,9884
380,Mazda,626,Moshe,1995,8537
381,Chrysler,PT Cruiser,Charline,2006,3911
382,Ford,LTD Crown Victoria,Alfonso,1986,1892
383,Mazda,MX-5,Leoine,2005,9525
384,BMW,7 Series,Nickolas,1996,2025
385,Nissan,Pathfinder,Aurlie,2001,2729
386,GMC,3500,Kassandra,1997,4578
387,Infiniti,FX,Jerald,2009,3167
388,Cadillac,CTS,Danita,2009,778
389,Dodge,D350 Club,Emili,1992,6509
390,Chevrolet,HHR Panel,Izaak,2006,4557
391,Ford,Bronco II,Horton,1986,5632
392,Chevrolet,Suburban 2500,Bethena,2006,5029
393,Acura,TL,Verna,2009,454
394,Jaguar,XF,Almira,2012,3050
395,Buick,Park Avenue,Ashbey,2003,839
396,Audi,Coupe GT,Jordanna,1986,2538
397,Volkswagen,GTI,Annadiana,2005,2594
398,Chevrolet,Tahoe,Pietrek,1998,5405
399,Cadillac,Eldorado,Daisie,1998,2013
400,Cadillac,XLR-V,Tobie,2006,4237
401,Honda,Pilot,Merle,2005,7597
402,Saab,900,Madelyn,1994,6982
403,Aston Martin,DB9,Sholom,2009,4812
404,Toyota,Celica,Rudy,2005,5897
405,Mercury,Mariner,Antonio,2006,2186
406,Chevrolet,Equinox,Garik,2011,1832
407,Lexus,LX,Blinnie,2009,3716
408,GMC,Yukon XL 1500,Gayle,2008,4023
409,BMW,X6 M,Ruperta,2011,4427
410,Acura,Legend,Orelle,1987,2677
411,Volkswagen,Corrado,Lem,1993,2308
412,Ford,Crown Victoria,Napoleon,1992,1930
413,Jeep,Cherokee,Willette,1993,4576
414,Ford,Contour,Teresina,1996,2241
415,Mazda,MX-5,Killie,2000,3052
416,Audi,90,Constancy,1994,4717
417,Mazda,MX-6,Anna,1991,2777
418,Ferrari,California,Fayina,2009,6986
419,Mitsubishi,Lancer,Cassey,2011,1217
420,Subaru,Justy,Derrek,1992,6671
421,Maybach,62,Saunders,2005,9060
422,BMW,Z4 M,Manon,2006,2751
423,Pontiac,G5,Dacie,2007,2323
424,Nissan,300ZX,Stephan,1994,2108
425,Land Rover,Freelander,Fonz,2003,618
426,Audi,S8,Mischa,2002,3864
427,Maybach,57,Farlee,2004,701
428,Subaru,Justy,Bamby,1987,9961
429,Oldsmobile,Toronado,Homer,1966,9330
430,Volkswagen,Cabriolet,Felita,2000,708
431,Toyota,Tundra,Karoly,2012,8868
432,Ford,Thunderbird,Dede,1983,3079
433,Mitsubishi,Tredia,Merrile,1986,281
434,Ford,Taurus,Maddy,2000,1872
435,Ford,Expedition,Ario,2011,3595
436,Kia,Mohave/Borrego,Adella,2009,7730
437,Saab,Mohave/Borrego,Kipp,2002,8252
438,Ford,E150,Nefen,1984,1279
439,Scion,xB,Rochella,2008,1126
440,Maybach,57,Mathe,2005,1941
441,Pontiac,Grand Prix,Dalila,2005,3859
442,Jeep,Liberty,Pavla,2009,5016
443,Mazda,626,Babara,1992,6737
444,Mercedes-Benz,CLS-Class,Tabitha,2009,5481
445,Jeep,Wrangler,Issiah,1993,6941
446,Toyota,T100 Xtra,Erik,1997,4531
447,Chrysler,300,Rosetta,2008,9667
448,Honda,Accord,Lian,1984,4824
449,Subaru,Alcyone SVX,Katy,1996,5890
450,Chevrolet,Lumina,Piotr,2000,7824
451,Buick,Park Avenue,Tedd,1999,2074
452,Lincoln,Navigator L,Maressa,2011,8494
453,Cadillac,XLR,Damita,2004,1437
454,Pontiac,Bonneville,Alika,1968,1905
455,Oldsmobile,Intrigue,Hi,2001,2843
456,Oldsmobile,Alero,Eduardo,1999,2663
457,Pontiac,G6,Travis,2005,1716
458,Saab,900,Kizzee,1996,1615
459,GMC,Yukon XL 2500,Edithe,2004,9116
460,Chevrolet,Impala,Reynard,2007,7840
461,Volkswagen,Jetta,Dougy,2003,955
462,Suzuki,Forenza,Meagan,2008,3073
463,Saab,Forenza,Ettie,2003,7510
464,Eagle,Vision,Dare,1997,1161
465,Nissan,NX,Claudian,1993,3228
466,Cadillac,Escalade ESV,Dori,2011,2970
467,Chevrolet,Express 3500,Karina,1996,5572
468,Pontiac,Bonneville,Riannon,2001,9894
469,Toyota,Solara,Petey,2006,108
470,Chevrolet,HHR,Robinett,2008,8761
471,Audi,A6,Niki,1998,3791
472,Plymouth,Colt Vista,Ogdan,1993,4001
473,Mercury,Cougar,Bord,1985,9596
474,Subaru,Tribeca,Angelica,2012,1648
475,Mercury,Grand Marquis,Obed,2002,4602
476,Infiniti,Q,Wesley,1998,8813
477,Land Rover,LR3,Tabitha,2006,4313
478,Kia,Sportage,Moselle,2007,1983
479,Volkswagen,CC,Trula,2010,1132
480,BMW,X5,Brandea,2005,7587
481,Jaguar,X-Type,Patti,2005,4310
482,Chevrolet,Cavalier,Lance,1996,4974
483,Ford,Mustang,Isadore,2011,9661
484,Mercury,Sable,Saidee,1997,675
485,Pontiac,Firefly,Valera,1991,7728
486,Lincoln,MKS,Alvira,2009,9803
487,Ford,Taurus,Jeremiah,2006,4589
488,Nissan,240SX,Abbott,1992,3195
489,Acura,RDX,Lizette,2012,3126
490,Mercedes-Benz,GL-Class,Sigismund,2007,688
491,Honda,CR-Z,Hadley,2011,9491
492,Jeep,Grand Cherokee,Cyrillus,1996,184
493,Ford,F350,Ernesta,2002,6559
494,Toyota,Echo,Corrina,2001,1866
495,BMW,550,Freddi,2006,2515
496,Ford,Explorer,Harrietta,2012,544
497,Volvo,940,Garek,1993,9747
498,Mazda,626,Mella,1987,2790
499,Mazda,MPV,Niels,1993,6696
500,BMW,530,Agretha,2002,974
501,Toyota,Prius Plug-in,Benjy,2012,4740
502,Jeep,Cherokee,Dilan,2001,7273
503,Chevrolet,Citation,Jessie,1980,6854
504,Dodge,Colt,Rawley,1994,9599
505,Chevrolet,Corvette,Brock,1962,7507
506,Austin,Mini Cooper S,Mattias,1963,2808
507,Ford,F-Series,Ambur,2007,8413
508,Mercedes-Benz,300SE,Norri,1993,2175
509,Mitsubishi,Galant,Terri,2008,1117
510,Ford,Freestyle,Lincoln,2006,447
511,Mercedes-Benz,G-Class,Star,2002,4300
512,Toyota,Camry,Leonelle,2004,6653
513,Toyota,Echo,Breanne,2003,6722
514,Chevrolet,Impala,Midge,2004,3583
515,Hyundai,Tucson,Caria,2010,5383
516,Pontiac,6000,Brewster,1991,5057
517,Lotus,Esprit,Mira,1993,9785
518,Bentley,Continental GTC,Cristi,2008,9129
519,Infiniti,I,Ruy,2004,9111
520,Mazda,Navajo,Prudi,1992,7948
521,Lexus,IS,Dom,2004,685
522,Pontiac,Grand Prix,Johan,2005,4491
523,Ford,Econoline E150,Leola,1999,305
524,Dodge,Durango,Sonnie,2004,2843
525,BMW,5 Series,Lucine,1992,2745
526,Mitsubishi,Diamante,Lawry,1996,6447
527,Ford,EXP,Aurelia,1984,2545
528,Acura,TL,Kelly,2003,8342
529,Ford,Laser,Malvin,1986,4305
530,Mazda,RX-7,Jean,1983,5682
531,Chevrolet,Tahoe,Larissa,2006,3400
532,Mitsubishi,L300,Marlow,1988,2054
533,Jeep,Liberty,Rheba,2007,5204
534,GMC,Yukon XL 1500,Ramon,2009,1644
535,Bentley,Arnage,Meredith,2008,6808
536,Pontiac,Bonneville,Evaleen,2001,212
537,Audi,A3,Quent,2009,3091
538,Cadillac,Escalade EXT,Maxy,2010,4161
539,Buick,Rendezvous,Gibbie,2007,8103
540,Ford,Mustang,Francyne,1998,296
541,Chrysler,Imperial,Nolana,1926,1221
542,Buick,Regal,Rollie,1987,1461
543,Honda,Accord Crosstour,Arlena,2011,8291
544,Mercury,Villager,Bonnie,1997,6932
545,Pontiac,Firefly,Jaynell,1984,1316
546,Audi,S5,Stacy,2010,2704
547,GMC,Sierra 3500HD,Rosette,2006,2376
548,Porsche,911,Leroi,2010,7722
549,Buick,Riviera,Lynna,1999,2598
550,Honda,Odyssey,Frayda,2003,8246
551,Mercedes-Benz,CLS-Class,Lilllie,2011,567
552,Mitsubishi,Endeavor,Margarita,2010,1677
553,Chevrolet,Suburban 2500,Oralla,1993,192
554,Toyota,4Runner,Fransisco,1996,2464
555,Toyota,Solara,Tracy,2002,4307
556,Dodge,Avenger,Ethelred,1999,2636
557,Chrysler,Aspen,Jay,2008,9137
558,Chevrolet,Corvette,Krystal,1968,7172
559,Mercedes-Benz,SLK-Class,Sallee,2012,2789
560,Volvo,740,Sarina,1992,1295
561,Chevrolet,2500,Kattie,1993,1881
562,Chevrolet,Lumina,Tedra,2000,5143
563,Mazda,MX-5,Byrom,1991,2093
564,Ford,Econoline E250,Sylvan,1996,6433
565,Lamborghini,Diablo,Edy,2000,858
566,Ford,Escape,Amy,2010,6935
567,Mercedes-Benz,S-Class,Patty,2009,8240
568,Chevrolet,Vega,Bennett,1971,580
569,Pontiac,Firefly,Lew,1987,3593
570,Dodge,Ram 1500,Emilee,1997,2995
571,Land Rover,LR3,Mandi,2006,4770
572,Volkswagen,Jetta,Jerrilee,2000,5200
573,Aston Martin,V8 Vantage,Camala,2012,6073
574,Studebaker,Avanti,Aaren,1963,776
575,Mitsubishi,Diamante,Saudra,2001,7226
576,Chevrolet,Venture,Shanda,2004,8360
577,Mercury,Topaz,Margit,1987,1474
578,Suzuki,Forenza,Boniface,2008,2958
579,Kia,Rio,Aldridge,2004,5999
580,Toyota,Tacoma,Dalia,1998,1431
581,Dodge,Neon,Carey,2003,4314
582,Mitsubishi,Eclipse,Ira,1992,6683
583,Lexus,IS,Lemmy,2010,8839
584,Acura,TSX,Felicle,2010,2386
585,Ford,Taurus,Avram,2012,565
586,Kia,Rio,Cornela,2009,626
587,Dodge,Grand Caravan,Sara-ann,2001,8745
588,Kia,Optima,Cosme,2011,3502
589,Chrysler,LHS,Sal,2001,4780
590,Volkswagen,Jetta,Aggie,2011,1653
591,Hummer,H2,Aldon,2003,9750
592,Mazda,Protege5,Artemis,2003,9349
593,Pontiac,GTO,Isabeau,2005,4425
594,GMC,Savana 2500,Lillian,1999,2241
595,Fairthorpe,Rockette,Gerick,1960,997
596,Ford,Bronco,Gino,1986,8128
597,Acura,RL,Nadine,2002,8304
598,Kia,Rio,Dev,2012,3786
599,Mazda,RX-7,Ebba,1987,9370
600,Toyota,FJ Cruiser,Michaeline,2009,8658
601,Dodge,Dakota,Neddie,1994,3811
602,Mercury,Tracer,Selina,1995,9733
603,Toyota,4Runner,Janeczka,1999,8376
604,GMC,Sonoma,Donovan,2003,1596
605,GMC,Yukon XL 1500,Britt,2005,2331
606,Kia,Spectra,Mignon,2002,928
607,BMW,M6,Shirline,2009,4821
608,Hyundai,Entourage,Roseanna,2008,4954
609,Jeep,Cherokee,Sayers,1995,6418
610,Mitsubishi,Pajero,Roderigo,2004,4368
611,Infiniti,G,Anthiathia,2008,4176
612,BMW,Alpina B7,Kellia,2007,4763
613,Lincoln,LS,Darelle,2005,8698
614,Ford,Taurus,Arlyne,2010,8078
615,Infiniti,M,Janie,2004,7459
616,Lincoln,Town Car,Tara,2010,5144
617,Buick,Rainier,Hussein,2005,1222
618,Ford,E-Series,Nicko,1963,8858
619,Ford,E150,Lenci,2004,796
620,Cadillac,Seville,Corinna,1994,5012
621,Toyota,Camry,Horatia,1996,7827
622,Plymouth,Laser,Nichols,1989,6358
623,Toyota,Prius,Herschel,2002,3758
624,Jaguar,XJ,Ertha,2008,3401
625,Dodge,Dakota,Belinda,1999,4264
626,Ford,Thunderbird,Warren,1986,2238
627,Chrysler,Pacifica,Loydie,2008,4809
628,Honda,Accord,Fredric,2002,7259
629,Lincoln,Continental,Jacintha,1986,958
630,Buick,Century,Trstram,1997,3634
631,Ford,F150,Julio,1994,4082
632,Chevrolet,Camaro,Joseph,1985,6195
633,Kia,Sorento,Buffy,2004,1452
634,Toyota,Xtra,Stearn,1992,3710
635,Infiniti,FX,Carmita,2010,2589
636,GMC,Yukon XL 2500,Stefania,2000,985
637,Volkswagen,GTI,Selig,1989,7954
638,Buick,Rendezvous,Alford,2005,8736
639,Chevrolet,Aveo,Annissa,2007,3761
640,Pontiac,Sunfire,Myrtle,1998,7131
641,BMW,525,Eben,2004,6199
642,Nissan,Sentra,Merry,2000,1272
643,Nissan,Altima,Lucretia,2012,823
644,Hummer,H2,Clemente,2004,8327
645,Dodge,Avenger,Gwenni,2008,9115
646,Ford,EXP,Krishnah,1987,4669
647,Toyota,FJ Cruiser,Fidelio,2011,3281
648,GMC,Vandura 1500,Sheffield,1992,4664
649,Ford,Taurus,Milka,1992,8677
650,Pontiac,G5,Myra,2007,6900
651,Audi,100,Shane,1991,8676
652,Dodge,Ram Wagon B150,Wendie,1994,7448
653,GMC,Terrain,Charmane,2010,5605
654,Lexus,IS-F,Rina,2010,3660
655,BMW,3 Series,Orbadiah,1995,2155
656,Lotus,Esprit,Lorrie,1992,9507
657,Dodge,Ram 3500,Linette,2004,7893
658,Ford,Bronco,Fransisco,1996,5747
659,Pontiac,Torrent,Tanny,2006,5500
660,Toyota,Corolla,Charlena,2000,5036
661,Plymouth,Breeze,Mirelle,1996,8424
662,GMC,Savana 2500,Lotti,1996,415
663,Mitsubishi,3000GT,Jessamine,1997,2802
664,Mercedes-Benz,S-Class,Pansy,1994,4047
665,Jeep,Cherokee,Hilde,1993,7192
666,Mercedes-Benz,C-Class,Harlene,2010,1987
667,Chevrolet,Camaro,Heida,2000,9012
668,Nissan,300ZX,Bernie,1993,6631
669,Infiniti,M,Mariellen,2004,7431
670,Hummer,H2,Nance,2005,2990
671,Ford,E350,Marshal,2007,4985
672,Mercury,Lynx,Noll,1986,2172
673,Lexus,LS Hybrid,Skelly,2010,386
674,Mazda,CX-7,Imogene,2011,2806
675,Ferrari,F430,Delinda,2009,4625
676,Ford,Explorer,Jacquetta,1992,3724
677,Saturn,VUE,Richart,2010,2257
678,Chevrolet,Venture,Ario,1999,3692
679,Honda,Element,Beltran,2005,6092
680,Nissan,Quest,Melesa,2012,7949
681,Audi,A3,Jermaine,2009,2485
682,Ford,F150,Lucia,1993,4785
683,Ford,Econoline E350,Kory,1997,695
684,Mitsubishi,Outlander,Oralia,2008,8863
685,Porsche,914,Stephine,1970,505
686,Dodge,Nitro,Ashely,2009,2816
687,Audi,A8,Sibeal,2011,5744
688,Mercury,Capri,Gayel,1984,5730
689,Buick,Riviera,Muriel,1986,9649
690,Ford,Freestar,Jodi,2006,6603
691,Ford,Thunderbird,Myron,2006,5299
692,Chevrolet,Express 2500,Julina,2010,5383
693,Toyota,Corolla,Claudius,1999,6587
694,Volvo,V70,Krystle,2007,7643
695,Lamborghini,Gallardo,Vasili,2004,2357
696,Mazda,B-Series,Leonanie,2009,3344
697,BMW,325,Marcelle,2006,9188
698,Subaru,Forester,Brunhilde,2010,7232
699,Nissan,Pathfinder,Robb,2002,2650
700,GMC,2500 Club Coupe,Philomena,1995,6856
701,Honda,Accord,Akim,1997,6250
702,Lexus,LS,Orv,2002,3933
703,Chevrolet,Monte Carlo,Cynthy,1998,6110
704,Mercury,Mountaineer,Astrix,1999,4084
705,Volkswagen,Golf,Eddy,2006,417
706,Kia,Sephia,Jolee,2001,1998
707,Subaru,Forester,Hester,2005,2398
708,Mitsubishi,Mighty Max,Laryssa,1986,8090
709,Hyundai,Santa Fe,Micheline,2003,3791
710,Dodge,Ram,Byrom,2007,1997
711,Chevrolet,Silverado 2500,Jorey,2010,7780
712,Dodge,Stealth,Nikolai,1993,6242
713,Jaguar,XJ Series,Nick,1997,4112
714,Cadillac,Escalade EXT,Ethelind,2004,2320
715,Honda,Ridgeline,Duke,2006,2332
716,Chevrolet,2500,Edan,1995,1021
717,Ford,Windstar,Evie,2000,8070
718,Mercedes-Benz,CL-Class,Ellynn,2005,5404
719,Buick,Reatta,Briney,1989,5145
720,Mercedes-Benz,C-Class,Iolanthe,2008,4289
721,Ford,Freestyle,Drusie,2006,8280
722,BMW,7 Series,Tait,1993,3725
723,Saab,900,Tonnie,1986,1516
724,Corbin,Sparrow,Rosamond,2004,2370
725,Ford,Focus,Staci,2012,5382
726,Ford,Econoline E350,Erin,1995,1277
727,Ford,Econoline E350,Andrea,2002,973
728,Dodge,Ram Van B350,Clay,1993,3926
729,Mitsubishi,Mirage,Hayley,1989,7385
730,Toyota,Land Cruiser,Ursuline,1999,4097
731,Volkswagen,GTI,Phyllys,1990,6320
732,Chevrolet,3500,Niccolo,1997,4431
733,Pontiac,Grand Am,Bradley,1992,4018
734,Dodge,Ram 2500,Kent,2010,916
735,Kia,Carens,Geri,2009,7862
736,Pontiac,Trans Sport,Zelig,1992,8019
737,Ford,E150,Bennie,2005,4057
738,Mercedes-Benz,CLK-Class,Blondell,2006,1156
739,Saturn,Ion,Bren,2007,5735
740,Dodge,Ram 3500,Elinore,2001,5280
741,Chevrolet,Express 2500,Vallie,1997,9163
742,Chevrolet,Suburban,Aylmar,2007,7606
743,GMC,Savana 1500,Ernest,2008,165
744,Ford,Excursion,Jeddy,2005,9853
745,Chevrolet,Tahoe,Jenny,2004,9125
746,Honda,Civic,Cosmo,2001,5277
747,Cadillac,CTS,Giff,2005,4680
748,Pontiac,Vibe,Costanza,2008,6917
749,Buick,Century,Vladimir,1990,5593
750,BMW,6 Series,Valeda,1989,8087
751,Volvo,S40,Demetri,2010,5673
752,Scion,tC,Megan,2013,9324
753,Mazda,CX-7,Moria,2011,8443
754,Hyundai,Elantra,Chickie,2007,2614
755,MINI,Cooper,Culley,2005,1570
756,Buick,Coachbuilder,Jesse,1994,8288
757,Toyota,Camry,Obadias,2000,8103
758,Cadillac,Catera,Elyn,1998,5308
759,Saab,900,Whit,1985,3130
760,MINI,Clubman,Anne,2012,9035
761,Maybach,62,Sisely,2011,8141
762,Infiniti,I,Ethelred,2002,2799
763,Pontiac,Bonneville,Mata,1984,9343
764,Nissan,Frontier,Kipper,2009,8191
765,Infiniti,G37,Kev,2008,2285
766,Toyota,Sienna,Vanya,2004,1783
767,Ford,Expedition EL,Mufinella,2012,1776
768,Mazda,MX-5,Hyacinthia,2003,7792
769,Oldsmobile,Intrigue,Darci,2002,8437
770,Plymouth,Laser,Carmelita,1993,6366
771,Lamborghini,Murciélago,Nissie,2002,9789
772,GMC,Rally Wagon 1500,Constantine,1993,2982
773,Audi,100,Melisa,1989,7697
774,Pontiac,Grand Prix,Kathie,1999,8375
775,Pontiac,G6,Marius,2008,6239
776,Mercury,Tracer,Irwinn,1995,483
777,Land Rover,Defender 110,Loralyn,1993,5447
778,Mercedes-Benz,E-Class,Kirsteni,2005,8562
779,Ford,F250,Patrick,2010,5865
780,Lexus,LS,Sandor,1995,2024
781,Pontiac,Firebird,Gerald,2002,1002
782,Lexus,HS,Myrah,2011,6997
783,Ford,Thunderbird,Riccardo,1983,2470
784,Buick,Skylark,Datha,1987,6705
785,GMC,Savana 1500,Karee,2000,6904
786,Nissan,Quest,Sib,2007,1705
787,Mercury,Mountaineer,Mitchael,2006,9352
788,Audi,90,Thurstan,1993,4074
789,Mitsubishi,Pajero,Emalia,2003,1170
790,Mitsubishi,Lancer,Frankie,2009,1737
791,Bentley,Continental GTC,Inness,2010,6121
792,Ford,Tempo,Winn,1987,6566
793,Geo,Tracker,Myrah,1997,608
794,Toyota,Tacoma,Poppy,2007,5100
795,Toyota,MR2,Vivianne,2001,5714
796,Cadillac,DeVille,Shae,1996,1591
797,Volkswagen,Golf,Selby,2004,4399
798,Mitsubishi,RVR,Elnore,1995,569
799,Chevrolet,Corvette,Lindon,1996,9687
800,Pontiac,Trans Sport,Sampson,1996,1105
801,Mercedes-Benz,SL-Class,Frederique,2006,7148
802,Subaru,Impreza,Samantha,2002,3474
803,Acura,MDX,Chan,2011,6897
804,Nissan,Sentra,Adolphus,2012,8675
805,Toyota,Yaris,Dagny,2009,5529
806,GMC,Vandura 1500,Poppy,1994,2129
807,Toyota,Land Cruiser,Happy,2001,5839
808,Ford,Ranger,Lezley,2004,1840
809,Chevrolet,Aveo,Noam,2006,6561
810,BMW,Z4 M Roadster,Felic,2009,833
811,Dodge,Durango,Mendie,2011,7985
812,Audi,80,Evangeline,1991,2792
813,Dodge,Avenger,Cynthie,2012,8154
814,Chevrolet,Malibu,Karyl,2010,4312
815,Ford,Club Wagon,Charin,1995,3626
816,Lexus,RX,Samuel,1999,4084
817,Maybach,57,Morey,2005,2512
818,Ford,F350,Jarrid,1999,2752
819,Mercedes-Benz,G-Class,Winny,2002,441
820,Kia,Sephia,Con,1997,5321
821,Chevrolet,Avalanche 2500,Garfield,2003,9535
822,Chevrolet,Avalanche 1500,Blinnie,2002,5918
823,Honda,CR-X,Wynnie,1985,1534
824,Land Rover,Range Rover,Eleanora,2008,2676
825,Acura,Vigor,Grannie,1992,7550
826,Chevrolet,Impala,Eleanora,2000,8391
827,Mercedes-Benz,Sprinter 3500,Bert,2012,4588
828,Mitsubishi,GTO,Aili,1996,4046
829,Volkswagen,Type 2,Abraham,1991,8351
830,Honda,S2000,Tony,2004,3655
831,Mercury,Tracer,Georgeanne,1994,9376
832,Hyundai,Sonata,Joell,2006,5718
833,Hyundai,Azera,Edy,2009,1055
834,Dodge,Ram 2500,Teodoro,2000,6823
835,Land Rover,Range Rover,Aurie,1994,2452
836,Chevrolet,2500,Violetta,2000,8462
837,BMW,M5,Carlene,1993,6962
838,Ford,Laser,Brandi,1986,6194
839,Mitsubishi,Raider,Addie,2009,2136
840,Aston Martin,DBS,Heinrik,2012,6509
841,Pontiac,Bonneville,Rudie,1995,1586
842,Lincoln,Town Car,Holmes,2006,4595
843,GMC,Sierra 3500,Guillema,2011,4484
844,Dodge,Ram 2500,Shauna,2005,378
845,Toyota,MR2,Julita,2003,1670
846,Land Rover,Range Rover Sport,Timothea,2011,1831
847,Pontiac,Trans Sport,Mercie,1995,7729
848,Infiniti,G,Clem,1996,4609
849,Saturn,S-Series,Gus,1998,9725
850,Maserati,Karif,Timmy,1990,5023
851,Honda,Accord,Dougie,1989,7452
852,Ford,Escort,Udall,1990,1819
853,Honda,Element,Rayner,2005,7031
854,MINI,Cooper,Marji,2006,6283
855,Chevrolet,Tahoe,Phillip,2011,8856
856,Mercedes-Benz,C-Class,Francklin,2004,5970
857,Chevrolet,Camaro,Lynn,1978,3786
858,Ford,Festiva,Orsa,1990,5623
859,BMW,5 Series,Josepha,1995,4047
860,Chrysler,Cirrus,Devlin,1999,8802
861,Mercedes-Benz,SLK-Class,Donavon,1998,5426
862,Toyota,Camry,Sid,1996,8109
863,Chevrolet,Camaro,Simonne,1981,9027
864,Ford,Windstar,Cyndie,2004,6232
865,GMC,Rally Wagon 2500,Claiborne,1994,2924
866,Ford,E-Series,Ashlan,2010,3581
867,Chevrolet,Corsica,Shermie,1995,979
868,Honda,Accord,Alene,2001,6803
869,Volvo,S60,Currey,2012,7127
870,Ford,Festiva,Obie,1992,6149
871,Dodge,Stratus,Dacia,2004,748
872,Oldsmobile,Intrigue,Katey,2001,1169
873,Land Rover,Range Rover,Corabella,2008,6939
874,Land Rover,Freelander,Waldon,2009,9303
875,BMW,M3,Claudine,2005,5738
876,Buick,Roadmaster,Boothe,1991,3181
877,Chevrolet,Cavalier,Shayna,1995,756
878,Chevrolet,Express,Vivian,2006,5591
879,Ford,E150,Sile,2004,376
880,Dodge,Aspen,Julian,1976,4794
881,Subaru,Loyale,Konstantin,1993,1826
882,BMW,X6,Feodora,2011,5101
883,Isuzu,Amigo,Tabby,1998,8946
884,Dodge,Viper,Kennan,2003,2840
885,Dodge,Dakota,Tanny,1999,3407
886,Toyota,4Runner,Garnet,2003,6961
887,Jeep,Grand Cherokee,Valery,2008,6708
888,Lexus,IS-F,Dewie,2008,8560
889,Ford,F-Series,Neale,1991,7001
890,Pontiac,GTO,Nanci,1973,7072
891,Honda,Element,Charlean,2011,5332
892,Chrysler,Crossfire,Kelsey,2008,7923
893,Hyundai,Elantra,Jen,2004,7616
894,GMC,Savana 2500,Galvin,1996,1897
895,Toyota,MR2,Timothea,1995,5868
896,Ford,Expedition,Lira,2010,772
897,Chevrolet,Citation,Mar,1980,2595
898,Chevrolet,1500,Meris,1993,4893
899,Buick,Park Avenue,Constancy,1997,3669
900,Toyota,Camry Solara,Carroll,2007,7428
901,Volkswagen,Passat,Ralina,1996,698
902,Rolls-Royce,Ghost,Bartel,2011,6886
903,Volkswagen,Jetta,Berni,1989,8967
904,Chevrolet,Express 3500,Shandee,2003,7440
905,Mazda,MX-5,Susanne,1991,8223
906,Dodge,Ram 3500,Valery,2000,3719
907,Chevrolet,Aveo,Flor,2010,3433
908,Pontiac,Montana,Tadd,1999,5158
909,GMC,1500 Club Coupe,Davida,1994,3223
910,GMC,Canyon,Hurleigh,2007,6563
911,Ford,Econoline E150,Chaddie,1998,5674
912,Lincoln,Town Car,Timothee,1999,2741
913,GMC,3500,Drud,1995,6793
914,Citroën,CX,Lambert,1989,5845
915,GMC,Canyon,Karia,2011,5552
916,Ford,Taurus,Dinah,1989,1019
917,Ford,Expedition EL,Antonina,2007,705
918,Audi,Q5,Arch,2010,1260
919,GMC,Yukon,Imelda,2000,1642
920,Volkswagen,Corrado,Orion,1992,2391
921,Infiniti,J,Darren,1993,6492
922,Chevrolet,Cruze,Teirtza,2013,6977
923,Dodge,Spirit,Carmelita,1994,4735
924,Lincoln,MKS,Teodora,2013,5755
925,Jeep,Compass,Scarlett,2012,6400
926,Subaru,Legacy,Manya,1989,8229
927,Chevrolet,Monte Carlo,Gilly,1996,3030
928,Buick,Regal,Aidan,1997,5100
929,Cadillac,Eldorado,Elladine,1993,4553
930,Dodge,Durango,Aldo,2004,9624
931,Jeep,Cherokee,Isidora,2001,6806
932,Toyota,Matrix,Deonne,2003,2334
933,Infiniti,M,Page,2012,2034
934,Ford,E150,Corny,2012,7780
935,Toyota,Tacoma,Alica,2003,9761
936,Audi,TT,Garik,2010,8352
937,Chevrolet,Silverado 1500,Corri,2002,7681
938,Ford,E-Series,Terrence,1989,3218
939,Mazda,Mazda3,Brynne,2011,4041
940,Dodge,Grand Caravan,Leigh,1999,6471
941,Porsche,Boxster,Tony,2004,8262
942,Eagle,Talon,Nester,1997,1711
943,Subaru,Leone,Cly,1985,3220
944,Scion,tC,Jock,2011,8933
945,Hyundai,Tucson,Sacha,2010,754
946,Infiniti,M,Emmalee,1992,7778
947,Lotus,Elise,Gabriella,2009,1180
948,Hyundai,Sonata,Beatrix,1992,1097
949,Chevrolet,Express 1500,Timothee,2010,7271
950,Pontiac,Montana,Meggi,1999,5871
951,Mercedes-Benz,SL-Class,Margy,2000,6079
952,GMC,Yukon,Heddi,2002,5664
953,Honda,Civic,Cordie,2000,5516
954,Mazda,Miata MX-5,Morse,2012,6442
955,Isuzu,Axiom,Mattie,2003,4520
956,Saturn,S-Series,Tracy,2002,6567
957,Chevrolet,Silverado 2500,Talyah,2008,8999
958,Toyota,Avalon,Johann,1996,4937
959,Ford,Club Wagon,Trumaine,1995,2466
960,Nissan,Cube,Brade,2010,5667
961,Pontiac,Firebird,Faina,1987,172
962,GMC,Sierra 2500,Shaughn,2011,1354
963,Oldsmobile,Bravada,Goran,1999,6796
964,GMC,Savana 2500,Sula,2005,2476
965,Mercedes-Benz,S-Class,Ernesta,2007,9213
966,GMC,Rally Wagon G3500,Ceciley,1996,4085
967,Chevrolet,Cavalier,Ibbie,1997,8522
968,Chrysler,300M,Evita,2004,4207
969,Mercedes-Benz,SL-Class,Fonsie,1991,2109
970,Subaru,Loyale,Shane,1994,6267
971,MINI,Cooper,Yanaton,2005,8012
972,Toyota,Prius v,Olga,2012,1209
973,Ford,Explorer Sport Trac,Mindy,2009,4616
974,Infiniti,G,Jordon,2007,2379
975,Lincoln,MKS,Silvain,2013,4113
976,Lotus,Esprit,Karlik,1995,7504
977,Chevrolet,3500,Liz,1998,6846
978,Volkswagen,Golf,Britney,1987,4536
979,Mazda,MX-5,Malorie,2008,6769
980,Ford,Taurus,Avie,2012,8597
981,Jeep,Grand Cherokee,Ludwig,2010,1750
982,BMW,Z4,Honor,2003,3874
983,Subaru,Impreza,Meridel,2012,6819
984,Nissan,Altima,Muire,2010,2428
985,Lexus,SC,Nahum,2000,8274
986,Mitsubishi,Mirage,Blondy,1996,8515
987,Dodge,Viper,Tirrell,2005,4787
988,Ford,F250,Conney,2012,3862
989,GMC,Savana 2500,Antoni,2000,529
990,Toyota,RAV4,Harrietta,1996,886
991,Lincoln,MKZ,Freddie,2008,7991
992,Nissan,Altima,Evey,2002,3765
993,Porsche,914,Lawrence,1970,2229
994,Toyota,Solara,Lavena,2001,3925
995,Chevrolet,Tracker,Willette,1998,7723
996,GMC,Yukon,Alisa,2002,8128
997,Honda,Accord,Malynda,1993,9724
998,Scion,xB,Steffen,2006,5363
999,Ford,Taurus,Marylynne,2006,6057
1000,BMW,Z3,Ferris,2002,9626
